"Watch_Date","Region","Monthly_Revenue","Subscription_Plan","Rating","Category","Viewing_Records","Rating_Total"
"2026-01-01","East","199","Basic","1","Action","1","1"
"2026-01-01","East","199","Basic","5","Animation","1","5"
"2026-01-01","North","199","Basic","2","Animation","1","2"
"2026-01-01","North","649","Premium","3","Fantasy","1","3"
"2026-01-01","South","199","Basic","3","Crime","1","3"
"2026-01-01","South","499","Standard","5","Action","1","5"
"2026-01-01","South","499","Standard","2","Documentary","1","2"
"2026-01-01","West","199","Basic","5","Documentary","1","5"
"2026-01-01","West","649","Premium","2","Action","1","2"
"2026-01-01","West","649","Premium","5","Documentary","1","5"
"2026-01-01","West","499","Standard","5","Action","1","5"
"2026-01-01","West","499","Standard","4","Crime","1","4"
"2026-01-01","West","499","Standard","3","Fantasy","1","3"
"2026-02-01","East","649","Premium","5","Sci-Fi","1","5"
"2026-02-01","East","499","Standard","4","Mystery","1","4"
"2026-02-01","North","199","Basic","2","Action","1","2"
"2026-02-01","North","199","Basic","3","Animation","1","3"
"2026-02-01","North","199","Basic","3","Fantasy","1","3"
"2026-02-01","South","199","Basic","4","Mystery","1","4"
"2026-02-01","South","649","Premium","3","Fantasy","1","3"
"2026-02-01","West","597","Basic","3","Action","3","9"
"2026-02-01","West","649","Premium","1","Action","1","1"
"2026-02-01","West","998","Standard","4","Fantasy","2","8"
"2026-02-01","West","499","Standard","5","Sci-Fi","1","5"
"2026-03-01","East","199","Basic","1","Action","1","1"
"2026-03-01","East","649","Premium","3","Fantasy","1","3"
"2026-03-01","East","499","Standard","5","Documentary","1","5"
"2026-03-01","North","199","Basic","1","Action","1","1"
"2026-03-01","North","199","Basic","4","Fantasy","1","4"
"2026-03-01","North","199","Basic","4","Mystery","1","4"
"2026-03-01","North","199","Basic","3","Thriller","1","3"
"2026-03-01","North","649","Premium","2","Action","1","2"
"2026-03-01","North","649","Premium","5","Thriller","1","5"
"2026-03-01","North","499","Standard","1","Fantasy","1","1"
"2026-03-01","South","649","Premium","5","Mystery","1","5"
"2026-03-01","South","649","Premium","3","Thriller","1","3"
"2026-03-01","South","499","Standard","1","Fantasy","1","1"
"2026-03-01","West","199","Basic","3","Fantasy","1","3"
"2026-03-01","West","199","Basic","2","Thriller","1","2"
"2026-03-01","West","649","Premium","1","Mystery","1","1"
"2026-03-01","West","499","Standard","3","Mystery","1","3"
"2026-04-01","East","398","Basic","3.5","Mystery","2","7"
"2026-04-01","East","649","Premium","3","Documentary","1","3"
"2026-04-01","East","649","Premium","1","Thriller","1","1"
"2026-04-01","North","199","Basic","3","Action","1","3"
"2026-04-01","North","649","Premium","3","Fantasy","1","3"
"2026-04-01","North","998","Standard","2","Action","2","4"
"2026-04-01","North","499","Standard","3","Crime","1","3"
"2026-04-01","South","199","Basic","2","Fantasy","1","2"
"2026-04-01","South","199","Basic","3","Mystery","1","3"
"2026-04-01","South","649","Premium","5","Action","1","5"
"2026-04-01","South","649","Premium","4","Fantasy","1","4"
"2026-04-01","South","649","Premium","3","Thriller","1","3"
"2026-04-01","South","998","Standard","5","Fantasy","2","10"
"2026-04-01","South","499","Standard","4","Thriller","1","4"
"2026-04-01","West","649","Premium","2","Animation","1","2"
"2026-04-01","West","499","Standard","2","Action","1","2"
"2026-05-01","East","1298","Premium","4","Animation","2","8"
"2026-05-01","East","649","Premium","1","Fantasy","1","1"
"2026-05-01","North","199","Basic","3","Thriller","1","3"
"2026-05-01","North","499","Standard","2","Action","1","2"
"2026-05-01","North","499","Standard","3","Crime","1","3"
"2026-05-01","South","199","Basic","1","Action","1","1"
"2026-05-01","South","199","Basic","4","Crime","1","4"
"2026-05-01","South","199","Basic","2","Fantasy","1","2"
"2026-05-01","South","649","Premium","4","Fantasy","1","4"
"2026-05-01","South","499","Standard","5","Fantasy","1","5"
"2026-05-01","South","499","Standard","5","Mystery","1","5"
"2026-05-01","West","199","Basic","2","Action","1","2"
"2026-05-01","West","199","Basic","4","Fantasy","1","4"
"2026-05-01","West","1298","Premium","2.5","Crime","2","5"
"2026-05-01","West","649","Premium","4","Fantasy","1","4"
"2026-05-01","West","649","Premium","4","Thriller","1","4"
"2026-05-01","West","499","Standard","5","Action","1","5"
"2026-06-01","East","199","Basic","3","Crime","1","3"
"2026-06-01","East","649","Premium","2","Action","1","2"
"2026-06-01","East","649","Premium","3","Sci-Fi","1","3"
"2026-06-01","East","499","Standard","5","Action","1","5"
"2026-06-01","East","499","Standard","3","Animation","1","3"
"2026-06-01","North","199","Basic","5","Action","1","5"
"2026-06-01","North","649","Premium","5","Fantasy","1","5"
"2026-06-01","South","398","Basic","2.5","Action","2","5"
"2026-06-01","South","199","Basic","3","Fantasy","1","3"
"2026-06-01","South","199","Basic","1","Sci-Fi","1","1"
"2026-06-01","South","649","Premium","2","Mystery","1","2"
"2026-06-01","South","649","Premium","2","Thriller","1","2"
"2026-06-01","South","499","Standard","4","Fantasy","1","4"
"2026-06-01","South","499","Standard","4","Sci-Fi","1","4"
"2026-06-01","West","199","Basic","5","Thriller","1","5"
"2026-06-01","West","499","Standard","2","Action","1","2"
"2026-06-01","West","499","Standard","4","Fantasy","1","4"
